model,mse,mae,accuracy,log_like,iter
attention-power,0.15844198187907352,0.3191114675837779,0.7743968403117789,-4206.843676941265,9
expo-power,0.16436153918736957,0.32833409193067753,0.7640036227279102,-4342.14034679776,8
expo2-power,0.1641686772074542,0.35613587085782333,0.768163774945124,-4458.921987070106,8
hb-power,0.16161320535773335,0.32335415405952994,0.7681825938154446,-4281.310475675391,10
hb2-power,0.16184981388666794,0.31987250708547454,0.7664316211794417,-4291.429454912644,9
hbmd-power,0.15730814174991178,0.31872449652476,0.773603439520951,-4183.896711989757,10
hce-power,0.16228375119039284,0.3262651024712086,0.7674771844339316,-4299.739590843329,10
quasihb-power,0.16215476377837476,0.35395473286280754,0.7722770660533637,-4409.981654284507,8
quasihb_fc-power,0.16304891925618367,0.3338492142007224,0.7674647178956419,-4338.824550273669,7
