{"rlm_pool_baseline": {"aic": 23.83711951073345, "bic": "", "rsquared_adj": "", "nobs": 2254.0, "coef_name": ["const", "front_amount_6m", "front_amount_12m", "choice_peli"], "params": [55.42535492476745, -0.00552289334527592, -0.006800215212408241, -1.3321534292173576], "bse": [0.970362797600291, 0.002584049889354449, 0.0025840498893544106, 0.8649435346552463], "tvalues": [57.11817792462206, -2.137301360948436, -2.6316114253146954, -1.5401623063733683], "pvalues": [0.0, 0.032573488245243434, 0.008498099561999643, 0.12352079536574602], "ci_lower": [53.52347878953335, -0.010587538062665353, -0.011864859929797598, -3.0274116058024125], "ci_upper": [57.327231060001544, -0.0004582486278864881, -0.001735570495018885, 0.3631047473676974], "contrast_mean": 0.0}, "rlm_pool_label": {"aic": 31.750646559325567, "bic": "", "rsquared_adj": "", "nobs": 2254.0, "coef_name": ["const", "front_amount_6m_0", "front_amount_12m_0", "front_amount_6m_1", "front_amount_12m_1", "choice_peli"], "params": [54.55345378797156, -0.025707740457084086, -0.028544360989458013, 0.02095065888199865, 0.02115885323805307, 0.1543043350353983], "bse": [0.8699864882425831, 0.0026030031349360714, 0.0026030031349360628, 0.002995391485467132, 0.002995391485467143, 0.7762441823965784], "tvalues": [62.70609316952992, -9.876184977286036, -10.965934157493493, 6.9942974010729, 7.063802291189748, 0.19878324183892584], "pvalues": [0.0, 5.280510093878804e-23, 5.5722114287894325e-28, 2.6659151509417258e-12, 1.6200720698643835e-12, 0.8424323054625554], "ci_lower": [52.848311603979624, -0.03080953285320364, -0.033646153385577554, 0.01507979945088514, 0.015287993806939536, -1.367106305670636], "ci_upper": [56.2585959719635, -0.02060594806096453, -0.023442568593338476, 0.026821518313112164, 0.0270297126691666, 1.6757149757414327], "contrast_mean": 0.0}, "rlm_fe_baseline": {"aic": 451.7247103662926, "bic": "", "rsquared_adj": "", "nobs": 2254.0, "coef_name": ["const", "front_amount_6m", "front_amount_12m", "choice_peli"], "params": [52.442048601664865, -0.00519022938219623, -0.006747229805838925, 1.4314610979532736], "bse": [0.3751555616145122, 0.0010405730554605569, 0.00104057305546061, 0.33040256018075764], "tvalues": [139.78747476373877, -4.987856791947239, -6.4841481051537135, 4.332475805181853], "pvalues": [0.0, 6.105279687799086e-07, 8.923453290040373e-11, 1.4744187043944133e-05], "ci_lower": [51.70675721230052, -0.007229715094181721, -0.00878671551782452, 0.7838839795991608], "ci_upper": [53.17733999102921, -0.003150743670210738, -0.0047077440938533294, 2.0790382163073864], "contrast_mean": 0.32371634939295396}, "rlm_fe_label": {"aic": 459.28889481752526, "bic": "", "rsquared_adj": "", "nobs": 2254.0, "coef_name": ["const", "front_amount_6m_0", "front_amount_12m_0", "front_amount_6m_1", "front_amount_12m_1", "choice_peli"], "params": [52.32528390968002, -0.010370763090127959, -0.013189236503670567, 0.0019358774729572722, 0.002026913864620979, 1.72961334918618], "bse": [0.3704922103456968, 0.00130644977472488, 0.0013064497747231872, 0.0016508760644670447, 0.0016508760644620107, 0.32753679035434274], "tvalues": [141.23180582084746, -7.938126126824811, -10.095479182477662, 1.172636465343772, 1.2277807572923483, 5.280668920627247], "pvalues": [0.0, 2.052585625656733e-15, 5.7847852268474075e-24, 0.2409416197142793, 0.2195292811074966, 1.2871309323606092e-07], "ci_lower": [51.599132520849814, -0.012931357596199192, -0.01574983100973848, -0.0012997801563373597, -0.0012087437646637867, 1.0876530364798223], "ci_upper": [53.05143529851022, -0.007810168584056727, -0.010628641997602653, 0.0051715351022519045, 0.005262571493905745, 2.371573661892538], "contrast_mean": 0.32299557969246856}}