{"ols_pool_baseline": {"aic": 19537.883811867527, "bic": 19560.643126542473, "rsquared_adj": 0.0003826463527634161, "nobs": 2186.0, "coef_name": ["const", "front_amount_6m", "front_amount_12m", "choice_peli"], "params": [53.7422718190243, -0.005311989785595047, -0.0056402855358125194, -0.23853451678695498], "tvalues": [44.3075440055407, -1.6761094597100399, -1.7752756159526175, -0.21983465225376847], "pvalues": [2.2268088163683902e-306, 0.09386001389019372, 0.07599175534760841, 0.8260204946794963], "ci_lower": [51.363639013498826, -0.011527029593019334, -0.011870806520258688, -2.3663998622226616], "ci_upper": [56.12090462454978, 0.0009030500218292405, 0.000590235448633649, 1.8893308286487516]}, "ols_pool_label": {"aic": 19165.413669252583, "bic": 19199.552641265003, "rsquared_adj": 0.15775508864203125, "nobs": 2186.0, "coef_name": ["const", "choice_peli"], "params": [52.442832165518055, 1.4188576449295167], "tvalues": [47.02418664160577, 1.4197496055105934], "pvalues": [0.0, 0.15582357047244183], "ci_lower": [50.255805255089925, -0.540963096178867], "ci_upper": [54.629859075946186, 3.3786783860379]}, "ols_fe_baseline": {"aic": 17406.312706504756, "bic": 18310.995464833857, "rsquared_adj": 0.6478191206721718, "nobs": 2186.0, "coef_name": ["const", "front_amount_6m", "front_amount_12m", "choice_peli"], "params": [52.31892126658726, -0.005039928314543182, -0.0053064918741155195, 1.1853986442708626], "tvalues": [75.9664205341065, -2.678961515185264, -2.8131227545337145, 1.9477431247516432], "pvalues": [0.0, 0.007444780866380962, 0.004953590242705769, 0.05158359104856257], "ci_lower": [50.96826570918618, -0.008729410152492265, -0.009005849453364538, -0.008150315048818912], "ci_upper": [53.66957682398834, -0.0013504464765940996, -0.001607134294866501, 2.378947603590544]}, "ols_fe_label": {"aic": 17382.49699868488, "bic": 18298.559414351454, "rsquared_adj": 0.6519286126666664, "nobs": 2186.0, "coef_name": ["const", "front_amount_6m_0", "front_amount_12m_0", "front_amount_6m_1", "front_amount_12m_1", "choice_peli"], "params": [51.928021664969556, -0.01158378705228666, -0.012368826400391926, 0.005041201977075877, 0.005592758897616255, 1.6859793165278836], "tvalues": [75.36528638038087, -4.823484458858752, -5.138974514401291, 1.6907948813294553, 1.8694540781664861, 2.750096084570172], "pvalues": [0.0, 1.5159458085404457e-06, 3.0278503021907247e-07, 0.09102987457252353, 0.061703888640077455, 0.0060107494334391874], "ci_lower": [50.57676399500643, -0.01629353244715348, -0.017089019642440226, -0.0008060380531038271, -0.0002742810393504668, 0.48368132052575774], "ci_upper": [53.27927933493268, -0.006874041657419839, -0.007648633158343625, 0.010888442007255581, 0.011459798834582978, 2.8882773125300094]}, "rlm_pool_baseline": {"aic": 24.667647629005415, "bic": "", "rsquared_adj": "", "nobs": 2198.0, "coef_name": ["const", "front_amount_6m", "front_amount_12m", "choice_peli"], "params": [55.00016365689118, -0.004841466247584555, -0.006043865814548323, -0.8484033880533236], "tvalues": [57.08377182080548, -1.920288083535581, -2.3972001267086194, -0.9853733608151019], "pvalues": [0.0, 0.054821520738969294, 0.01652089766169589, 0.32444070984514817], "ci_lower": [53.111740091438804, -0.00978296411917523, -0.010985363686139001, -2.5359262611811], "ci_upper": [56.88858722234356, 0.00010003162400611977, -0.0011023679429576433, 0.8391194850744529]}, "rlm_pool_label": {"aic": 32.90088880858477, "bic": "", "rsquared_adj": "", "nobs": 2198.0, "coef_name": ["const", "front_amount_6m_0", "front_amount_12m_0", "front_amount_6m_1", "front_amount_12m_1", "choice_peli"], "params": [53.921593087909315, -0.02530812732059597, -0.028133403948322887, 0.021051773608118017, 0.021241384268599502, 0.8912565885625211], "tvalues": [62.339218798624415, -9.915281127021094, -11.022175037844528, 7.256945747897489, 7.3223081397773, 1.150889912397061], "pvalues": [0.0, 3.572493035756674e-23, 2.987516535744442e-28, 3.959284099198773e-13, 2.437416624944104e-13, 0.2497775283351098], "ci_lower": [52.22628181391468, -0.030310811301924978, -0.03313608792965195, 0.015366087161508387, 0.015555697821989935, -0.6265521920603746], "ci_upper": [55.61690436190395, -0.02030544333926696, -0.02313071996699383, 0.026737460054727647, 0.02692707071520907, 2.409065369185417]}, "rlm_fe_baseline": {"aic": 459.3441396295753, "bic": "", "rsquared_adj": "", "nobs": 2198.0, "coef_name": ["const", "front_amount_6m", "front_amount_12m", "choice_peli"], "params": [51.82971325415912, -0.0047679694276198895, -0.006412110307864736, 2.1813266049495166], "tvalues": [143.46670885233976, -4.8241895536619035, -6.487716843346069, 6.841213846742778], "pvalues": [0.0, 1.4057368156598736e-06, 8.714686348277243e-11, 7.852493170103284e-12], "ci_lower": [51.121643959757556, -0.006705092389637309, -0.008349233269882168, 1.5563904927337526], "ci_upper": [52.53778254856068, -0.0028308464656024704, -0.004474987345847304, 2.8062627171652803]}, "rlm_fe_label": {"aic": 467.33073450412104, "bic": "", "rsquared_adj": "", "nobs": 2198.0, "coef_name": ["const", "front_amount_6m_0", "front_amount_12m_0", "front_amount_6m_1", "front_amount_12m_1", "choice_peli"], "params": [51.61394749122933, -0.009692395810171136, -0.012670388044195588, 0.0018010900091453095, 0.0019057471040055595, 2.583941519873566], "tvalues": [144.01770669964483, -7.738039540089981, -10.11555507992729, 1.1616338600230758, 1.229133665399711, 8.111035279688558], "pvalues": [0.0, 1.0096145274944232e-14, 4.7133759293796694e-24, 0.2453842220767246, 0.2190216947625344, 5.019027914932067e-16], "ci_lower": [50.91152359835533, -0.012147377671328884, -0.015125369905353991, -0.0012377948515022606, -0.0011331377566395438, 1.9595536159284188], "ci_upper": [52.316371384103334, -0.0072374139490133885, -0.010215406183037184, 0.00483997486979288, 0.004944631964650663, 3.2083294238187126]}}