{"ols_pool_baseline": {"aic": 19537.883811867527, "bic": 19560.643126542473, "rsquared_adj": 0.0003826463527634161, "nobs": 2186.0, "coef_name": ["const", "front_amount_6m", "front_amount_12m", "choice_peli"], "params": [53.7422718190243, -0.005311989785595047, -0.0056402855358125194, -0.23853451678695498], "tvalues": [44.3075440055407, -1.6761094597100399, -1.7752756159526175, -0.21983465225376847], "pvalues": [2.2268088163683902e-306, 0.09386001389019372, 0.07599175534760841, 0.8260204946794963], "ci_lower": [51.363639013498826, -0.011527029593019334, -0.011870806520258688, -2.3663998622226616], "ci_upper": [56.12090462454978, 0.0009030500218292405, 0.000590235448633649, 1.8893308286487516]}, "ols_pool_label": {"aic": 18652.914814206626, "bic": 18687.053786219047, "rsquared_adj": 0.33377670859668906, "nobs": 2186.0, "coef_name": ["const", "choice_peli"], "params": [53.75244113806295, -0.27971759650977035], "tvalues": [54.283247500515444, -0.3157691977654991], "pvalues": [0.0, 0.7522079262473838], "ci_lower": [51.810564430392944, -2.016875537042291], "ci_upper": [55.694317845732954, 1.45744034402275]}, "ols_fe_baseline": {"aic": 17406.312706504756, "bic": 18310.995464833857, "rsquared_adj": 0.6478191206721718, "nobs": 2186.0, "coef_name": ["const", "front_amount_6m", "front_amount_12m", "choice_peli"], "params": [52.31892126658726, -0.005039928314543182, -0.0053064918741155195, 1.1853986442708626], "tvalues": [75.9664205341065, -2.678961515185264, -2.8131227545337145, 1.9477431247516432], "pvalues": [0.0, 0.007444780866380962, 0.004953590242705769, 0.05158359104856257], "ci_lower": [50.96826570918618, -0.008729410152492265, -0.009005849453364538, -0.008150315048818912], "ci_upper": [53.66957682398834, -0.0013504464765940996, -0.001607134294866501, 2.378947603590544]}, "ols_fe_label": {"aic": 17369.320330589828, "bic": 18285.3827462564, "rsquared_adj": 0.6540203903287058, "nobs": 2186.0, "coef_name": ["const", "front_amount_6m_0", "front_amount_12m_0", "front_amount_6m_1", "front_amount_12m_1", "choice_peli"], "params": [52.31315301150818, -0.018557412299155217, -0.020007761801453482, 0.0020691556106852485, 0.0024323804207768912, 1.1905218463204457], "tvalues": [76.63546358076889, -5.843416092182724, -6.285647242414468, 0.8982509777066853, 1.0529049223719382, 1.9736032942807016], "pvalues": [0.0, 5.945329013777328e-09, 3.9869794453255447e-10, 0.36915854868511433, 0.2925101883578459, 0.04856262315250587], "ci_lower": [50.97443577161898, -0.02478555210930099, -0.026250228764477412, -0.002448396833000319, -0.002098160855235227, 0.007520452396021504], "ci_upper": [53.651870251397376, -0.012329272489009443, -0.013765294838429552, 0.006586708054370816, 0.00696292169678901, 2.37352324024487]}, "rlm_pool_baseline": {"aic": 24.667647629005415, "bic": "", "rsquared_adj": "", "nobs": 2198.0, "coef_name": ["const", "front_amount_6m", "front_amount_12m", "choice_peli"], "params": [55.00016365689118, -0.004841466247584555, -0.006043865814548323, -0.8484033880533236], "tvalues": [57.08377182080548, -1.920288083535581, -2.3972001267086194, -0.9853733608151019], "pvalues": [0.0, 0.054821520738969294, 0.01652089766169589, 0.32444070984514817], "ci_lower": [53.111740091438804, -0.00978296411917523, -0.010985363686139001, -2.5359262611811], "ci_upper": [56.88858722234356, 0.00010003162400611977, -0.0011023679429576433, 0.8391194850744529]}, "rlm_pool_label": {"aic": 47.50511809111291, "bic": "", "rsquared_adj": "", "nobs": 2198.0, "coef_name": ["const", "front_amount_6m_0", "front_amount_12m_0", "front_amount_6m_1", "front_amount_12m_1", "choice_peli"], "params": [55.54025946697236, -0.05899085264053534, -0.06434091836973277, 0.015455793510236097, 0.015219960820606336, -0.682138088780389], "tvalues": [76.0899249986147, -22.992873747669595, -25.07816969351335, 7.322884858060996, 7.211148399445528, -1.045782018326556], "pvalues": [0.0, 5.493007610815206e-117, 8.607702839300806e-139, 2.4269603270344327e-13, 5.548194792180844e-13, 0.29566168505601764], "ci_lower": [54.10962448804108, -0.06401936485965182, -0.06936943058884923, 0.011319063352693816, 0.01108323066306405, -1.9605747639796243], "ci_upper": [56.97089444590364, -0.053962340421418876, -0.059312406150616316, 0.01959252366777838, 0.01935669097814862, 0.5962985864188464]}, "rlm_fe_baseline": {"aic": 459.3441396295753, "bic": "", "rsquared_adj": "", "nobs": 2198.0, "coef_name": ["const", "front_amount_6m", "front_amount_12m", "choice_peli"], "params": [51.82971325415912, -0.0047679694276198895, -0.006412110307864736, 2.1813266049495166], "tvalues": [143.46670885233976, -4.8241895536619035, -6.487716843346069, 6.841213846742778], "pvalues": [0.0, 1.4057368156598736e-06, 8.714686348277243e-11, 7.852493170103284e-12], "ci_lower": [51.121643959757556, -0.006705092389637309, -0.008349233269882168, 1.5563904927337526], "ci_upper": [52.53778254856068, -0.0028308464656024704, -0.004474987345847304, 2.8062627171652803]}, "rlm_fe_label": {"aic": 471.7554017154888, "bic": "", "rsquared_adj": "", "nobs": 2198.0, "coef_name": ["const", "front_amount_6m_0", "front_amount_12m_0", "front_amount_6m_1", "front_amount_12m_1", "choice_peli"], "params": [51.98230344517302, -0.01653960258618633, -0.021409965215038962, 5.868745442000507e-05, -0.000202957706401166, 2.279011401149863], "tvalues": [148.03024027624795, -10.096853136488125, -13.070040426127099, 0.04947980437652009, -0.17111506553972738, 7.35327958060229], "pvalues": [0.0, 5.704332804722591e-24, 4.8839565840698404e-39, 0.9605369312562498, 0.8641332899967313, 1.9340181539962108e-13], "ci_lower": [51.29404243582898, -0.019750209391031465, -0.024620572019884636, -0.002266004376053955, -0.002527649536874654, 1.6715572417305586], "ci_upper": [52.670564454517056, -0.013328995781341193, -0.018199358410193288, 0.0023833792848939653, 0.002121734124072322, 2.886465560569167]}}