{"ols_fe": {"aic": 17475.993544541692, "bic": 18380.676302870794, "llf": -8578.996772270846, "rsquared_adj": 0.6377362063033322, "nobs": 2186.0, "coef_name": ["const", "front_amount_6m", "front_amount_12m", "choice_value"], "params": [52.5501529684854, -0.004924292726404993, -0.0048556150088636596, 0.9956379729110758], "tvalues": [75.13144308256642, -2.574771179502471, -2.5345797282301503, 1.610042091089429], "pvalues": [0.0, 0.010100999801604197, 0.011332904078633046, 0.10754437353551759], "ci_lower": [51.1784510494563, -0.008674996063333145, -0.008612654676068903, -0.21711323070887634], "ci_upper": [53.9218548875145, -0.0011735893894768415, -0.001098575341658416, 2.208389176531028]}, "ols_fe_2": {"aic": 17437.619200237634, "bic": 18353.681615904206, "llf": -8557.809600118817, "rsquared_adj": 0.6443399338791809, "nobs": 2186.0, "coef_name": ["const", "front_amount_6m_0", "front_amount_12m_0", "front_amount_6m_1", "front_amount_12m_1", "choice_value"], "params": [52.544197761472326, -0.018092752469487446, -0.020555523659312396, 0.001983563048119583, 0.003390017754836952, 1.0039409689310836], "tvalues": [75.81663305968087, -5.599457587435748, -6.354985708055612, 0.847816858638077, 1.4460362315025204, 1.6384508029743488], "pvalues": [0.0, 2.4431534605232586e-08, 2.5676800792037277e-10, 0.39664016853961126, 0.1483217891172026, 0.10148303895432306], "ci_lower": [51.18504578731017, -0.024429500384882834, -0.02689891807327888, -0.0026047359339478717, -0.001207575496690005, -0.19772156389877238], "ci_upper": [53.90334973563448, -0.011756004554092057, -0.01421212924534591, 0.006571862030187037, 0.007987611006363908, 2.2056035017609394]}, "rlm_fe": {"aic": "", "bic": "", "llf": "", "rsquared_adj": "", "nobs": 2198.0, "coef_name": ["const", "front_amount_6m", "front_amount_12m", "choice_value"], "params": [50.73624798088238, -1.8302633714162297e-14, -7.536939822250233e-15, 1.9537673289679032], "tvalues": [48783769137311.15, -6.432638788292194, -2.648930869884312, 2128482028624.1458], "pvalues": [0.0, 1.254074315654481e-10, 0.008074684674354972, 0.0], "ci_lower": [50.73624798088034, -2.3879272490658947e-14, -1.3113578598747002e-14, 1.9537673289661042], "ci_upper": [50.73624798088442, -1.2725994937665648e-14, -1.9603010457534637e-15, 1.9537673289697022]}, "rlm_fe_2": {"aic": "", "bic": "", "llf": "", "rsquared_adj": "", "nobs": 2198.0, "coef_name": ["const", "front_amount_6m_0", "front_amount_12m_0", "front_amount_6m_1", "front_amount_12m_1", "choice_value"], "params": [51.95047577097984, -0.014200813509649489, -0.018832757636268314, -0.00024459647217185253, -0.00037800159901187763, 2.332651457162998], "tvalues": [390.89004765326257, -22.90574139368288, -30.377011560152017, -0.5448827390325399, -0.8420667101181625, 19.886327734531832], "pvalues": [0.0, 4.0726768696344445e-116, 1.1054084050836822e-202, 0.5858341685178255, 0.39975061382320864, 5.344864152745894e-88], "ci_lower": [51.68999059848151, -0.015415927334245398, -0.020047871460864456, -0.0011244193071795793, -0.001257824434019652, 2.10274913907008], "ci_upper": [52.21096094347818, -0.01298569968505358, -0.017617643811672173, 0.0006352263628358742, 0.0005018212359958968, 2.5625537752559158]}}