{"ols_pool_baseline": {"aic": 19537.883811867527, "bic": 19560.643126542473, "rsquared_adj": 0.00038264635276286096, "nobs": 2186.0, "coef_name": ["const", "front_amount_6m", "front_amount_12m", "choice_value"], "params": [53.742271819024296, -0.0053119897855970965, -0.005640285535810356, -0.2385345167869694], "tvalues": [44.30754400554069, -1.6761094597106734, -1.7752756159519514, -0.21983465225378168], "pvalues": [2.2268088163688974e-306, 0.09386001389006966, 0.07599175534771835, 0.8260204946794861], "ci_lower": [51.36363901349882, -0.011527029593021433, -0.011870806520256473, -2.3663998622226767], "ci_upper": [56.12090462454977, 0.0009030500218272404, 0.0005902354486357602, 1.889330828648738]}, "ols_pool_label": {"aic": 18652.914814206626, "bic": 18687.053786219047, "rsquared_adj": 0.33377670859668895, "nobs": 2186.0, "coef_name": ["const", "choice_value"], "params": [53.75244113806297, -0.2797175965097719], "tvalues": [54.283247500515465, -0.3157691977655008], "pvalues": [0.0, 0.7522079262473824], "ci_lower": [51.810564430392965, -2.0168755370422926], "ci_upper": [55.694317845732975, 1.4574403440227486]}, "ols_fe_baseline": {"aic": 17406.312706504756, "bic": 18310.995464833857, "rsquared_adj": 0.6478191206721718, "nobs": 2186.0, "coef_name": ["const", "front_amount_6m", "front_amount_12m", "choice_value"], "params": [52.31892126658727, -0.005039928314543593, -0.005306491874116597, 1.1853986442708653], "tvalues": [75.96642053410653, -2.678961515185475, -2.813122754534277, 1.947743124751649], "pvalues": [0.0, 0.007444780866376274, 0.004953590242697133, 0.05158359104856189], "ci_lower": [50.968265709186184, -0.008729410152492687, -0.009005849453365626, -0.00815031504881536], "ci_upper": [53.66957682398835, -0.0013504464765945003, -0.001607134294867567, 2.3789476035905457]}, "ols_fe_label": {"aic": 17369.320330589828, "bic": 18285.3827462564, "rsquared_adj": 0.6540203903287058, "nobs": 2186.0, "coef_name": ["const", "front_amount_6m_0", "front_amount_12m_0", "front_amount_6m_1", "front_amount_12m_1", "choice_value"], "params": [52.31315301150822, -0.018557412299155803, -0.020007761801449215, 0.0020691556106796367, 0.002432380420789363, 1.1905218463204372], "tvalues": [76.63546358076889, -5.843416092182948, -6.285647242413138, 0.8982509777042361, 1.0529049223773692, 1.9736032942806865], "pvalues": [0.0, 5.945329013769511e-09, 3.986979445359048e-10, 0.3691585486864192, 0.2925101883553572, 0.04856262315250758], "ci_lower": [50.97443577161902, -0.024785552109301535, -0.026250228764473138, -0.002448396833005997, -0.0020981608552226175, 0.0075204523960124], "ci_upper": [53.65187025139742, -0.01232927248901007, -0.013765294838425294, 0.00658670805436527, 0.006962921696801344, 2.373523240244862]}, "rlm_pool_baseline": {"aic": 61.75528317690545, "bic": "", "rsquared_adj": "", "nobs": 2198.0, "coef_name": ["const", "front_amount_6m", "front_amount_12m", "choice_value"], "params": [57.11871549054405, -0.003637017659411498, -0.004615278698118519, -1.531584513491992], "tvalues": [80.73368772318244, -1.9645476480134179, -2.4929587261839874, -2.4225183074335326], "pvalues": [0.0, 0.0494666163062913, 0.012668357128484723, 0.01541334911094673], "ci_lower": [55.73204991930804, -0.0072655494645784925, -0.008243810503285518, -2.770729116243758], "ci_upper": [58.50538106178006, -8.485854244503176e-06, -0.0009867468929515202, -0.29243991074022624]}, "rlm_pool_label": {"aic": 220.73380572386384, "bic": "", "rsquared_adj": "", "nobs": 2198.0, "coef_name": ["const", "front_amount_6m_0", "front_amount_12m_0", "front_amount_6m_1", "front_amount_12m_1", "choice_value"], "params": [57.81013270105269, -0.0685905633733121, -0.07097700547751473, 0.008181272535543085, 0.007936620904376086, -0.9467918083621503], "tvalues": [139.09200384661514, -46.95176222160912, -48.58533478205503, 6.80754788145403, 6.603975920465114, -2.5491905959640997], "pvalues": [0.0, 0.0, 0.0, 9.927627485775824e-12, 4.002745700972265e-11, 0.010797327260595855], "ci_lower": [56.99552240785069, -0.07145382190781566, -0.07384026401201828, 0.0058257989058892005, 0.005581147274722198, -1.6747396707876936], "ci_upper": [58.62474299425468, -0.06572730483880854, -0.06811374694301119, 0.01053674616519697, 0.010292094534029975, -0.21884394593660694]}, "rlm_fe_baseline": {"aic": 455779018224876.44, "bic": "", "rsquared_adj": "", "nobs": 2198.0, "coef_name": ["const", "front_amount_6m", "front_amount_12m", "choice_value"], "params": [50.73624798088238, -1.8302633714162297e-14, -7.536939822250233e-15, 1.9537673289679032], "tvalues": [48783769137311.15, -6.432638788292194, -2.648930869884312, 2128482028624.1458], "pvalues": [0.0, 1.254074315654481e-10, 0.008074684674354972, 0.0], "ci_lower": [50.73624798088034, -2.3879272490658947e-14, -1.3113578598747002e-14, 1.9537673289661042], "ci_upper": [50.73624798088442, -1.2725994937665648e-14, -1.9603010457534637e-15, 1.9537673289697022]}, "rlm_fe_label": {"aic": 2173.201879464623, "bic": "", "rsquared_adj": "", "nobs": 2198.0, "coef_name": ["const", "front_amount_6m_0", "front_amount_12m_0", "front_amount_6m_1", "front_amount_12m_1", "choice_value"], "params": [51.95047577097984, -0.014200813509649489, -0.018832757636268314, -0.00024459647217185253, -0.00037800159901187763, 2.332651457162998], "tvalues": [390.89004765326257, -22.90574139368288, -30.377011560152017, -0.5448827390325399, -0.8420667101181625, 19.886327734531832], "pvalues": [0.0, 4.0726768696344445e-116, 1.1054084050836822e-202, 0.5858341685178255, 0.39975061382320864, 5.344864152745894e-88], "ci_lower": [51.68999059848151, -0.015415927334245398, -0.020047871460864456, -0.0011244193071795793, -0.001257824434019652, 2.10274913907008], "ci_upper": [52.21096094347818, -0.01298569968505358, -0.017617643811672173, 0.0006352263628358742, 0.0005018212359958968, 2.5625537752559158]}}