{"rlm_pool_baseline": {"aic": 24.66764762900545, "bic": "", "rsquared_adj": "", "nobs": 2198.0, "coef_name": ["const", "front_amount_6m", "front_amount_12m", "choice_peli"], "params": [55.00016365689119, -0.004841466247586322, -0.006043865814546334, -0.8484033880533206], "bse": [0.9634991154674385, 0.002521218711450099, 0.0025212187114501015, 0.8609968787379472], "tvalues": [57.0837718208055, -1.920288083536281, -2.3972001267078293, -0.9853733608150983], "pvalues": [0.0, 0.05482152073888088, 0.016520897661731516, 0.32444070984514983], "ci_lower": [53.11174009143881, -0.009782964119177, -0.010985363686137017, -2.535926261181097], "ci_upper": [56.88858722234357, 0.00010003162400435469, -0.0011023679429556519, 0.8391194850744561], "contrast_mean": 0.0}, "rlm_pool_label": {"aic": 32.90088880858479, "bic": "", "rsquared_adj": "", "nobs": 2198.0, "coef_name": ["const", "front_amount_6m_0", "front_amount_12m_0", "front_amount_6m_1", "front_amount_12m_1", "choice_peli"], "params": [53.921593087909315, -0.025308127320599696, -0.02813340394831901, 0.021051773608116983, 0.02124138426860018, 0.8912565885624891], "bse": [0.8649706256681426, 0.0025524366880154688, 0.0025524366880154935, 0.0029009137369143544, 0.002900913736914322, 0.7744064649122026], "tvalues": [62.339218798624316, -9.91528112702254, -11.022175037842992, 7.256945747897125, 7.322308139777526, 1.150889912397018], "pvalues": [0.0, 3.5724930357049626e-23, 2.9875165357954804e-28, 3.9592840992094294e-13, 2.437416624939996e-13, 0.24977752833512756], "ci_lower": [52.22628181391468, -0.03031081130192871, -0.033136087929648075, 0.015366087161507346, 0.015555697821990608, -0.626552192060409], "ci_upper": [55.61690436190395, -0.02030544333927068, -0.023130719966989947, 0.02673746005472662, 0.02692707071520975, 2.409065369185387], "contrast_mean": 0.0}, "rlm_fe_baseline": {"aic": 459.3441396295764, "bic": "", "rsquared_adj": "", "nobs": 2198.0, "coef_name": ["const", "front_amount_6m", "front_amount_12m", "choice_peli"], "params": [51.829713254158946, -0.004767969427612223, -0.0064121103078641686, 2.181326604952563], "bse": [0.3612664824388202, 0.0009883462029390189, 0.0009883462029390401, 0.3188508141706587], "tvalues": [143.46670885233925, -4.8241895536542145, -6.487716843345488, 6.841213846752326], "pvalues": [0.0, 1.4057368157140975e-06, 8.71468634831087e-11, 7.852493169579853e-12], "ci_lower": [51.121643959757385, -0.006705092389629615, -0.008349233269881602, 1.5563904927367984], "ci_upper": [52.53778254856051, -0.0028308464655948306, -0.004474987345846735, 2.8062627171683276], "contrast_mean": 0.328036159836893}, "rlm_fe_label": {"aic": 467.3307345041202, "bic": "", "rsquared_adj": "", "nobs": 2198.0, "coef_name": ["const", "front_amount_6m_0", "front_amount_12m_0", "front_amount_6m_1", "front_amount_12m_1", "choice_peli"], "params": [51.613947491229396, -0.009692395810177242, -0.012670388044182516, 0.0018010900091385753, 0.0019057471040049368, 2.5839415198734224], "bse": [0.3583861226097176, 0.0012525647820702261, 0.0012525647820675818, 0.0015504799499470607, 0.0015504799499459134, 0.31857111093379387], "tvalues": [144.01770669964523, -7.738039540084905, -10.115555079927905, 1.1616338600186809, 1.2291336653991665, 8.111035279688066], "pvalues": [0.0, 1.0096145275347179e-14, 4.713375929350084e-24, 0.24538422207851074, 0.2190216947627387, 5.019027914952442e-16], "ci_lower": [50.911523598355394, -0.012147377671338147, -0.015125369905338238, -0.0012377948515091292, -0.0011331377566405191, 1.959553615928272], "ci_upper": [52.3163713841034, -0.007237413949016338, -0.010215406183026795, 0.00483997486978628, 0.004944631964650392, 3.2083294238185727], "contrast_mean": 0.32667055374316667}}