{"rlm_pool_baseline": {"aic": 24.66764762900545, "bic": "", "rsquared_adj": "", "nobs": 2198.0, "coef_name": ["const", "front_amount_6m", "front_amount_12m", "choice_peli"], "params": [55.00016365689119, -0.004841466247586322, -0.006043865814546334, -0.8484033880533206], "bse": [0.9868212224050762, 0.0024985146896033365, 0.0025222115868767975, 0.8912767695892279], "tvalues": [55.73467859035808, -1.9377377558484365, -2.3962564623812264, -0.9518966689150142], "pvalues": [0.0, 0.052655225128217006, 0.01656349646161537, 0.3411493890858859], "ci_lower": [53.066029601797446, -0.009738465054053135, -0.010987309686214475, -2.5952737567054114], "ci_upper": [56.93429771198493, 5.553255888049013e-05, -0.001100421942878193, 0.8984669805987702], "contrast_mean": 0.0}, "rlm_pool_label": {"aic": 32.90088880858479, "bic": "", "rsquared_adj": "", "nobs": 2198.0, "coef_name": ["const", "front_amount_6m_0", "front_amount_12m_0", "front_amount_6m_1", "front_amount_12m_1", "choice_peli"], "params": [53.921593087909315, -0.025308127320599696, -0.02813340394831901, 0.021051773608116983, 0.02124138426860018, 0.8912565885624891], "bse": [0.8908247411565097, 0.0025766841788597114, 0.0026274402726450693, 0.002809641555293723, 0.0028314165158782744, 0.8054630238880806], "tvalues": [60.52996801358012, -9.821974896356751, -10.707533199221631, 7.492690150618237, 7.50203445854074, 1.1065145911481713], "pvalues": [0.0, 9.0551908835417e-23, 9.382867280704559e-27, 6.747606765929838e-14, 6.28348477840196e-14, 0.268503852070635], "ci_lower": [52.17560867870534, -0.030358335510698893, -0.03328309225423345, 0.015544977350274183, 0.01569190987224688, -0.687421929136874], "ci_upper": [55.66757749711329, -0.0202579191305005, -0.022983715642404576, 0.026558569865959784, 0.02679085866495348, 2.469935106261852], "contrast_mean": 0.0}, "rlm_fe_baseline": {"aic": 459.3441396295745, "bic": "", "rsquared_adj": "", "nobs": 2198.0, "coef_name": ["const", "front_amount_6m", "front_amount_12m", "choice_peli"], "params": [51.829713254159074, -0.004767969427626607, -0.00641211030786068, 2.1813266049494757], "bse": [NaN, 0.0009851586642628195, 0.0009894390673044963, NaN], "tvalues": [NaN, -4.839798502096525, -6.480550970489804, NaN], "pvalues": [NaN, 1.299708383366172e-06, 9.138827413023785e-11, NaN], "ci_lower": [NaN, -0.006698844928639321, -0.008351375244674395, NaN], "ci_upper": [NaN, -0.002837093926613894, -0.0044728453710469645, NaN], "contrast_mean": 0.3280361598390854}, "rlm_fe_label": {"aic": 467.3307345041196, "bic": "", "rsquared_adj": "", "nobs": 2198.0, "coef_name": ["const", "front_amount_6m_0", "front_amount_12m_0", "front_amount_6m_1", "front_amount_12m_1", "choice_peli"], "params": [51.61394749122932, -0.00969239581017707, -0.01267038804418467, 0.001801090009138885, 0.0019057471040065375, 2.5839415198735245], "bse": [NaN, 0.0012847629599264702, 0.0012891643333488878, 0.0014881477215745976, 0.0014814639130635, 11720321.315103494], "tvalues": [NaN, -7.544112114449336, -9.828373091326961, 1.2102898005536478, 1.2863945501484866, 2.2046678161832525e-07], "pvalues": [NaN, 4.553792623976549e-14, 8.498047491334818e-23, 0.22616771002614966, 0.19830539943374925, 0.9999998240929587], "ci_lower": [NaN, -0.01221048494030403, -0.015197103707702077, -0.0011156259288226662, -0.0009978688099937, -22971405.08089845], "ci_upper": [NaN, -0.007174306680050113, -0.010143672380667261, 0.0047178059471004365, 0.004809363018006775, 22971410.248781487], "contrast_mean": 0.3266705537431706}}