,var_name,coef,bse,p_value,lower_bound,upper_bound
0,const,-0.6668978282037382,,,,
1,group_value,4.345585799134699,,,,
2,part_control,0.2801000203969568,1.6657991647203811,0.8664672155551083,-2.9848063479318956,3.5450063887258088
3,part_treatment,0.49768605229317603,1.4732888806611244,0.7355092711020605,-2.3899070926259576,3.3852791972123093
